1104857293,CUENCA VINTIMILLA SEBASTIAN ALEJANDRO
1205968304,CHIMBO ARREAGA MAYRA ELIZABETH
1306079415,GUAMAN SIGUENZA LUIS FERNANDO
1407180526,VILLARREAL NARVAEZ KATHERINE PAOLA
1508291637,TOAPANTA CHASI MARCO VINICIO
1609302748,LLUMIQUINGA QUISHPE ROSA ELVIRA
1701413859,ZAMBRANO PULLA ANDREA CAROLINA
1802524960,ANGULO CAICEDO PEDRO PABLO
1903635071,ESTUPIÑAN MERO GABRIELA LUCIA
1004746182,BENAVIDES JURADO MARIA ELENA
1105857293,SARANGO CUEVA RICARDO JAVIER
1206968304,BARRAGAN MOREIRA SANDRA PATRICIA
1753032372,DUENAS GRANDA BRIANA ABIGAIL
1408180526,TSAMARENDA ANKUASH NANCY MARIBEL
1509291637,SHIGUANGO CERDA WILSON ROLANDO
1610302748,VARGAS MOYA ELSA BEATRIZ
1711413859,SAMPEDRO ORTEGA MELANIE ABIGAIL
1812524960,ALTAMIRANO RUIZ LUIS ALBERTO
1913635071,JUMBO TENE DIEGO ARMANDO
2014746182,BONE AGUIRRE SILVIA MARINA
2115857293,PEÑAHERRERA PINTO GABRIELA LUCIA
2216968304,REYES ESPINOZA PABLO SEBASTIAN
2317079415,MOROCHO ZURITA JESSICA PAOLA
2418180526,RIVADENEIRA CRUZ MANUEL ISAAC
1109293041,PESANTEZ CALLE MARIA AUGUSTA
1201234567,SALTOS VERA JORGE ENRIQUE
1302345678,ROMERO CABRERA ANA LUCIA
1403456789,ERAZO VALLEJO SILVIA RAQUEL
1504567890,COFRE BARRAGAN JORGE LUIS
1605678901,SANDOVAL LEON MARTHA CECILIA
1706789012,FLORES RIVAS PAOLA ANDREA
1807890123,TENORIO ARROYO JORGE LUIS
1908901234,MENDOZA SALAZAR NATALIA SOFIA
1009012345,MORA GOMEZ MIRIAM ELIZABETH
1110123456,CASTILLO ABAD PABLO ANDRES
1211234567,CEVALLOS SUAREZ MONICA BEATRIZ
1312345678,DELGADO LOOR ROBERTO CARLOS
1413456789,ANTUN SAANT JUAN BAUTISTA
1514567890,GREFA SHIGUANGO MARIA ISABEL
1615678901,PAREDES ARANDA LUIS ENRIQUE
1716789012,ANDRADE LUNA FABRICIO DANIEL
1817890123,SANCHEZ LOPEZ GUSTAVO ADOLFO
1918901234,QUISHPE SARANGO ADRIANA LUCIA
2019012345,ESTUPIÑAN BONE PEDRO JAVIER
2120123456,LOAIZA MORILLO CARLOS ANDRES
2221234567,PAZMIÑO RAMIREZ ANDRES FELIPE
2322345678,MOLINA VERA GABRIELA PAOLA
2423456789,PALMA GOMEZ JESSICA PAOLA
1712341234,TOAPANTA USHIÑA SEBASTIAN ISAAC
1923452345,ZAMBRANO VERA KATHERINE LISSETH
1134563456,GUZMAN OCHOA RODRIGO EFRAIN
1345674567,ANCHUNDIA MERO LADY YAMILETH
1856785678,FREIRE LOPEZ GUSTAVO ADOLFO
1767896789,ESPINOZA RIVAS PAOLA ANDREA
1178907890,CASTILLO ABAD RICARDO JAVIER
1089018901,BENAVIDES MORA MIRIAM ELIZABETH
1890129012,TENORIO ARROYO JORGE LUIS
1201230123,CEVALLOS MOREIRA SANDRA PATRICIA
2112341234,MORILLO SOLIS CARLOS ANDRES
1223452345,PAZMIÑO ORTEGA MARIA JOSE
1334563456,PERALTA SIGUENZA RAUL ESTEBAN
1445674567,CAICEDO VALLEJO ROSA ELENA
1556785678,BARRAGAN COFRE JORGE LUIS
1667896789,TOAPANTA LLUMIQUINGA MONICA PATRICIA
1478907890,NACHAMBIA TSAMARENDA KEVIN PAUL
1589018901,SHIGUANGO GREFA NANCY MARIBEL
1690129012,ARANDA VARGAS WILSON ROLANDO
1901230123,TENE JUMBO ELSA BEATRIZ
2012341234,BONE AGUIRRE DIEGO ARMANDO
2223452345,ESPINOZA REYES SILVIA MARINA
2334563456,MOROCHO ZURITA PABLO SEBASTIAN
2445674567,CRUZ RIVADENEIRA JESSICA PAOLA
1756785678,PAREDES CHAVEZ MANUEL ISAAC
1967896789,VACA MENDOZA CARLOS ALBERTO
1178907890,TORRES PEREZ ANA LUCIA
1389018901,GARCIA LOOR LUIS ENRIQUE
1890129012,MENDOZA VACA MARIA FERNANDA
1701230123,CUEVA RIVERA PABLO ANDRES
1112341234,LOPEZ ABAD DIANA ESTEFANIA
1023452345,GOMEZ MORA RICARDO DANIEL
1834563456,QUINTERO ARROYO RUTH NOEMI
1245674567,SUAREZ CEVALLOS MARCO VINICIO
2156785678,PINTO MORILLO GABRIELA PAOLA
1267896789,ORTEGA PAZMIÑO RAUL ANDRES
1378907890,SIGUENZA PERALTA ROSA ELENA
1489018901,VALLEJO CAICEDO JORGE LUIS
1590129012,COFRE BARRAGAN MONICA PATRICIA
1601230123,LLUMIQUINGA TOAPANTA KEVIN PAUL
1412341234,TSAMARENDA NACHAMBIA NANCY MARIBEL
1523452345,GREFA CERDA WILSON ROLANDO
1634563456,VARGAS ARANDA ELSA BEATRIZ
1945674567,JUMBO QUISHPE DIEGO ARMANDO
2056785678,AGUIRRE BONE SILVIA MARINA
2267896789,REYES ESPINOZA PABLO SEBASTIAN
2378907890,ZURITA MOROCHO JESSICA PAOLA
2489018901,RIVADENEIRA CRUZ MANUEL ISAAC
1790129012,CHAVEZ PAREDES LORENA VALERIA
1901230123,MENDOZA VERA JAVIER ENRIQUE
1112341234,CALLE CUENCA PATRICIA ALEXANDRA
1323452345,BARREIRO MERO ROBERTO CARLOS
1723948571,ANDRADE VILLAMARIN FRANCISCO JAVIER
1924059682,SALAZAR PINCAY NATALIA ELIZABETH
1125160793,PEREZ MATOVELLE ESTEBAN DAVID
1326271804,DELGADO MERO TATIANA JAMILETH
1827382915,SANCHEZ VACA MARIO ROBERTO
1728493026,PULLA RIVERA ANDREA CAROLINA
1129504137,GUERRERO ABAD PABLO ANDRES
1020615248,GOMEZ JURADO MARIA ELENA
1821726359,QUIÑONEZ PRADO FELIX ANIBAL
1222837460,SUAREZ BRAVO MONICA BEATRIZ
2123948571,LOAIZA JARAMILLO CARLOS LUIS
1224059682,GARCIA NOBOA ELENA PATRICIA
1325160793,ROMERO CABRERA JOSE IGNACIO
1426271804,ORTEGA BENAVIDES ANA LUCIA
1527382915,CHASI RIVERA MARCO VINICIO
1628493026,LEMA QUISHPE ROSA ELVIRA
1429504137,ANTUN ANKUASH JUAN BAUTISTA
1520615248,CERDA SHIGUANGO MARIA ISABEL
1621726359,PAREDES GOMEZ LUIS ENRIQUE
1922837460,QUISHPE TENE ADRIANA LUCIA
2023948571,BONE CAICEDO PEDRO JAVIER
2224059682,RAMIREZ PEREZ SILVIA MARINA
2325160793,MOLINA ZURITA DIEGO ARMANDO
2426271804,PALMA RIVAS JESSICA PAOLA
3027382915,CUEVA ROJAS MARIO ALBERTO
1750482937,CARRERA IZA SEBASTIAN ISMAEL
1951593048,MOREIRA PEÑAFIEL KATHERINE LISSETTE
1152604159,OCHOA VINTIMILLA RODRIGO EFRAIN
1353715260,ANCHUNDIA INTRIAGO LADY YAMILETH
1854826371,FREIRE LOPEZ GUSTAVO ADOLFO
1755937482,ESPINOZA RIVAS PAOLA ANDREA
1156048593,CASTILLO ABAD RICARDO JAVIER
1057159604,BENAVIDES MORA MIRIAM ELIZABETH
1858260715,TENORIO ARROYO JORGE LUIS
1259371826,CEVALLOS MOREIRA SANDRA PATRICIA
2150482937,MORILLO SOLIS CARLOS ANDRES
1251593048,PAZMIÑO ORTEGA MARIA JOSE
1352604159,PERALTA SIGUENZA RAUL ESTEBAN
1754868444,SAMPEDRO SUAREZ MELANIE ABIGAIL
1554826371,BARRAGAN COFRE JORGE LUIS
1655937482,TOAPANTA LLUMIQUINGA MONICA PATRICIA
1456048593,NACHAMBIA TSAMARENDA KEVIN PAUL
1557159604,SHIGUANGO GREFA NANCY MARIBEL
1658260715,ARANDA VARGAS WILSON ROLANDO
1959371826,TENE JUMBO ELSA BEATRIZ
2050482937,BONE AGUIRRE DIEGO ARMANDO
2251593048,ESPINOZA REYES SILVIA MARINA
2352604159,MOROCHO ZURITA PABLO SEBASTIAN
2453715260,CRUZ RIVADENEIRA JESSICA PAOLA
1754826371,PAREDES CHAVEZ MANUEL ISAAC
1139584726,GUZMAN CORONEL LUCIA FERNANDA
1238475615,CALERO BUSTOS JORGE ENRIQUE
1337364504,SINCHI NAULA ROSA MATILDE
1436253493,ERAZO VILLARREAL CARLOS IVAN
1535142382,COFRE BARRAGAN ANA PATRICIA
1634031271,TIPAN TOAPANTA LUIS ALBERTO
1733920160,MACAS JARAMILLO DIANA ESTEFANIA
1832819059,ESTUPIÑAN QUIÑONEZ PEDRO PABLO
1931708948,MENDOZA BRIONES MARIA JOSE
1030697837,GOMEZ JURADO CRISTHIAN JAVIER
1139584726,ORDÓÑEZ CUEVA GABRIELA LUCIA
1238475615,JIMENEZ MORA RAUL ANDRES
1337364504,ZAMBRANO VELEZ ROSA ELENA
1436253493,SAANT SHAKAI MARIO ALBERTO
1535142382,GREFA CERDA WILSON ROLANDO
1634031271,MOYA LOPEZ RICARDO DANIEL
1733920160,SAMPEDRO SUAREZ KEVIN PAUL
1832819059,ALTAMIRANO RUIZ MAYRA ALEJANDRA
1931708948,JUMBO QUISHPE DIEGO ARMANDO
2030697837,AGUIRRE BONE SILVIA MARINA
2139584726,GARCIA PINTO LUIS FELIPE
2238475615,PAZMIÑO ARCOS ANDRES FELIPE
2337364504,ZURITA MOROCHO JESSICA PAOLA
2436253493,RIVADENEIRA CRUZ MANUEL ISAAC
1725143627,LOPEZ PAREDES FABRICIO DANIEL
1926254738,MERO DELGADO NATALIA SOFIA
1127365849,VINTIMILLA PEREZ ESTEBAN JAVIER
1328476950,BARREIRO LOOR ROBERTO CARLOS
1829587061,VACA SANCHEZ MARIO ROBERTO
1720698172,RIVERA PULLA ANDREA CAROLINA
1121709283,GUERRERO LEON PABLO ANDRES
1022810394,BENAVIDES MORA MIRIAM ELIZABETH
1823921405,QUIÑONEZ PRADO FELIX ANIBAL
1224032516,SUAREZ BRAVO MONICA BEATRIZ
2125143627,LOAIZA JARAMILLO CARLOS LUIS
1226254738,GARCIA NOBOA ELENA PATRICIA
1327365849,ROMERO CABRERA JOSE IGNACIO
1428476950,ORTEGA BENAVIDES ANA LUCIA
1529587061,CHASI RIVERA MARCO VINICIO
1620698172,LEMA QUISHPE ROSA ELVIRA
1421709283,ANTUN ANKUASH JUAN BAUTISTA
1522810394,CERDA SHIGUANGO MARIA ISABEL
1623921405,PAREDES GOMEZ LUIS ENRIQUE
1924032516,QUISHPE TENE ADRIANA LUCIA
2025143627,BONE CAICEDO PEDRO JAVIER
2226254738,RAMIREZ PEREZ SILVIA MARINA
2327365849,MOLINA ZURITA DIEGO ARMANDO
2428476950,PALMA RIVAS JESSICA PAOLA
1729587061,ANDRADE LUNA FABRICIO DANIEL
1920698172,SALAZAR MEZA NATALIA SOFIA
1730485926,IZQUIERDO MALDONADO XAVIER ALEJANDRO
1931596037,BRIONES VILLAMAR CARMEN ELIZABETH
1132607148,MATOVELLE CORDERO SEBASTIAN ISMAEL
1333718259,ALCIVAR MENDOZA GENESIS DAYANNA
1834829360,LOPEZ VILLACIS GUSTAVO ADOLFO
2250268782,LLERENA MONTOYA MATTHEW EZEQUIEL
1136041582,VALDIVIESO CUEVA PABLO ANDRES
1037152693,BENAVIDES MORA MIRIAM ELIZABETH
1838263704,QUIÑONEZ ARROYO FELIX ANIBAL
1239374815,CEVALLOS MOREIRA SANDRA PATRICIA
2130485926,MORILLO SOLIS CARLOS ANDRES
1231596037,PAZMIÑO ORTEGA MARIA JOSE
1332607148,PERALTA SIGUENZA RAUL ESTEBAN
1433718259,CAICEDO VALLEJO ROSA ELENA
1534829360,BARRAGAN COFRE JORGE LUIS
1635930471,TOAPANTA LLUMIQUINGA MONICA PATRICIA
1436041582,NACHAMBIA TSAMARENDA KEVIN PAUL
1537152693,SHIGUANGO GREFA NANCY MARIBEL
1638263704,ARANDA VARGAS WILSON ROLANDO
1939374815,TENE JUMBO ELSA BEATRIZ
2030485926,BONE AGUIRRE DIEGO ARMANDO
2231596037,ESPINOZA REYES SILVIA MARINA
2332607148,MOROCHO ZURITA PABLO SEBASTIAN
2433718259,CRUZ RIVADENEIRA JESSICA PAOLA
1734829360,PAREDES CHAVEZ MANUEL ISAAC
1745678901,EGAS LARREA SANTIAGO ROBERTO
1946789012,HOLGUIN SALCEDO VALERIA SOFIA
1147890123,PESANTEZ VINTIMILLA ESTEBAN JAVIER
1348901234,INTRIAGO BARREIRO LADY YAMILETH
1849012345,FREIRE ALTAMIRANO GUSTAVO ADOLFO
1740123456,ESPINOZA RIVAS PAOLA ANDREA
1141234567,CASTILLO ABAD RICARDO JAVIER
1042345678,BENAVIDES MORA MIRIAM ELIZABETH
1843456789,TENORIO ARROYO JORGE LUIS
1244567890,CEVALLOS MOREIRA SANDRA PATRICIA
2145678901,MORILLO SOLIS CARLOS ANDRES
1246789012,PAZMIÑO ORTEGA MARIA JOSE
1347890123,PERALTA SIGUENZA RAUL ESTEBAN
1448901234,CAICEDO VALLEJO ROSA ELENA
1549012345,BARRAGAN COFRE JORGE LUIS
1640123456,TOAPANTA LLUMIQUINGA MONICA PATRICIA
1441234567,NACHAMBIA TSAMARENDA KEVIN PAUL
1542345678,SHIGUANGO GREFA NANCY MARIBEL
1643456789,ARANDA VARGAS WILSON ROLANDO
1944567890,TENE JUMBO ELSA BEATRIZ
2045678901,BONE AGUIRRE DIEGO ARMANDO
2246789012,ESPINOZA REYES SILVIA MARINA
2347890123,MOROCHO ZURITA PABLO SEBASTIAN
2448901234,CRUZ RIVADENEIRA JESSICA PAOLA
1749012345,PAREDES CHAVEZ MANUEL ISAAC
1123405968,VINTIMILLA PEREZ ESTEBAN JAVIER
1223405968,GARCIA NOBOA ELENA PATRICIA
1323405968,ROMERO CABRERA JOSE IGNACIO
1423405968,ORTEGA BENAVIDES ANA LUCIA
1523405968,CHASI RIVERA MARCO VINICIO
1623405968,LEMA QUISHPE ROSA ELVIRA
1423405968,ANTUN ANKUASH JUAN BAUTISTA
1523405968,CERDA SHIGUANGO MARIA ISABEL
1623405968,PAREDES GOMEZ LUIS ENRIQUE
1923405968,QUISHPE TENE ADRIANA LUCIA
2023405968,BONE CAICEDO PEDRO JAVIER
2223405968,RAMIREZ PEREZ SILVIA MARINA
2323405968,MOLINA ZURITA DIEGO ARMANDO
2423405968,PALMA RIVAS JESSICA PAOLA
1723405968,ANDRADE LUNA FABRICIO DANIEL
1923405968,SALAZAR MEZA NATALIA SOFIA
1123405968,PEREZ VINTIMILLA ESTEBAN JAVIER
1323405968,DELGADO LOOR TATIANA ELIZABETH
1823405968,SANCHEZ VACA MARIO ROBERTO
1723405968,PULLA RIVERA ANDREA CAROLINA
1123405968,GUERRERO LEON PABLO ANDRES
1023405968,GOMEZ JURADO MARIA ELENA
1823405968,QUIÑONEZ PRADO FELIX ANIBAL
1710891688,LLERENA RAMIREZ MARCOS PATRICIO
2123405968,LOAIZA JARAMILLO CARLOS LUIS
1258162738,OVIEDO PACHECO KARLA BEATRIZ
1357251647,SARMIENTO CUENCA RAUL ESTEBAN
1456340596,VILLARREAL ERAZO MARCO VINICIO
1555439485,NAVARRETE MEJIA SANDRA PATRICIA
1654528374,SANDOVAL LEON KEVIN PAUL
1453617263,SAANT SHAKAI NANCY MARIBEL
1552706152,TANGUILA SHIGUANGO WILSON ROLANDO
1651895041,MOYA LOPEZ ELSA BEATRIZ
1950984930,SARANGO TENE JORGE LUIS
2059073829,ESTUPIÑAN BONE MARIA FERNANDA
2258162718,PAZMIÑO ARCOS ANDRES FELIPE
2357251607,QUINTERO VERA GABRIELA PAOLA
2456340596,GOMEZ PALMA MANUEL ANTONIO
3055439485,TAPIA AGUIRRE CLARA INES
1723456789,ANDRADE LUNA FABRICIO DANIEL
1923456789,SALAZAR MEZA NATALIA SOFIA
1123456789,PEREZ VINTIMILLA ESTEBAN JAVIER
1323456789,DELGADO LOOR TATIANA ELIZABETH
1823456789,SANCHEZ VACA MARIO ROBERTO
1723456789,PULLA RIVERA ANDREA CAROLINA
1123456789,GUERRERO LEON PABLO ANDRES
1023456789,GOMEZ JURADO MARIA ELENA
1823456789,QUIÑONEZ PRADO FELIX ANIBAL
1223456789,SUAREZ BRAVO MONICA BEATRIZ
2123456789,LOAIZA JARAMILLO CARLOS LUIS